chr,start,end,width,CN.CLFT021,CN.CLFT023,CN.CLFT024,CN.CLFT026,CN.EV001,CN.JEL238,CN.JEL267,CN.JEL271,CN.JEL275,CN.JEL310,CN.JEL359,CN.JEL408,CN.JEL427,CN.JEL429,CN.JEL433,CN.LBAbercrom,CN.LFT001_10,CN.MexMkt,CN.MLA1,CN.NCRC106979,CN.UM142
bden_JEL423_supercont1.1,7301,9500,2200,CN1,CN2,CN1,CN2,CN2,CN2,CN2,CN2,CN2,CN2,CN2,CN3,CN2,CN2,CN2,CN2,CN1,CN2,CN2,CN3,CN1
bden_JEL423_supercont1.1,17701,21200,3500,CN1,CN2,CN2,CN2,CN2,CN2,CN2,CN2,CN2,CN2,CN3,CN4,CN2,CN3,CN2,CN2,CN2,CN2,CN2,CN3,CN2
bden_JEL423_supercont1.1,23401,26400,3000,CN2,CN1,CN2,CN2,CN2,CN2,CN2,CN2,CN2,CN3,CN3,CN4,CN3,CN2,CN2,CN2,CN1,CN2,CN2,CN3,CN2
bden_JEL423_supercont1.1,30901,32500,1600,CN2,CN2,CN2,CN2,CN2,CN2,CN2,CN3,CN3,CN3,CN3,CN3,CN3,CN2,CN2,CN2,CN3,CN2,CN2,CN3,CN2
bden_JEL423_supercont1.1,647901,649300,1400,CN2,CN2,CN2,CN2,CN2,CN2,CN2,CN3,CN4,CN4,CN4,CN4,CN3,CN3,CN2,CN2,CN1,CN2,CN2,CN2,CN2
bden_JEL423_supercont1.1,686501,687600,1100,CN2,CN2,CN2,CN2,CN2,CN2,CN2,CN2,CN2,CN2,CN2,CN2,CN2,CN2,CN2,CN2,CN2,CN2,CN2,CN2,CN1
bden_JEL423_supercont1.1,711101,712300,1200,CN2,CN2,CN2,CN2,CN2,CN2,CN2,CN2,CN2,CN2,CN2,CN3,CN2,CN2,CN2,CN2,CN2,CN2,CN2,CN2,CN2
bden_JEL423_supercont1.1,756301,760500,4200,CN2,CN2,CN2,CN2,CN2,CN2,CN2,CN2,CN2,CN2,CN2,CN3,CN2,CN2,CN2,CN2,CN1,CN2,CN2,CN2,CN2
bden_JEL423_supercont1.1,1049801,1050900,1100,CN2,CN1,CN2,CN2,CN1,CN2,CN1,CN1,CN1,CN1,CN1,CN1,CN1,CN1,CN1,CN2,CN8,CN1,CN1,CN1,CN3
bden_JEL423_supercont1.1,1067401,1070400,3000,CN2,CN2,CN2,CN2,CN2,CN2,CN2,CN3,CN3,CN3,CN3,CN4,CN3,CN3,CN2,CN2,CN2,CN2,CN2,CN3,CN2
bden_JEL423_supercont1.1,1224301,1225400,1100,CN2,CN2,CN2,CN2,CN2,CN2,CN2,CN3,CN3,CN3,CN3,CN3,CN3,CN3,CN2,CN2,CN1,CN2,CN2,CN3,CN2
bden_JEL423_supercont1.1,1479101,1481100,2000,CN2,CN2,CN2,CN3,CN2,CN3,CN2,CN2,CN3,CN3,CN2,CN3,CN2,CN2,CN2,CN2,CN4,CN2,CN2,CN2,CN2
bden_JEL423_supercont1.1,1662601,1664900,2300,CN2,CN2,CN2,CN2,CN2,CN2,CN2,CN2,CN2,CN2,CN2,CN2,CN2,CN2,CN2,CN2,CN5,CN2,CN2,CN2,CN2
bden_JEL423_supercont1.1,2245401,2246500,1100,CN2,CN2,CN2,CN2,CN2,CN2,CN2,CN4,CN4,CN4,CN4,CN4,CN4,CN4,CN2,CN2,CN2,CN2,CN2,CN4,CN2
bden_JEL423_supercont1.1,2379801,2381900,2100,CN2,CN2,CN2,CN2,CN2,CN2,CN2,CN3,CN3,CN3,CN3,CN3,CN3,CN3,CN2,CN2,CN2,CN2,CN2,CN3,CN2
bden_JEL423_supercont1.1,2472101,2489800,17700,CN2,CN2,CN2,CN2,CN2,CN2,CN2,CN2,CN2,CN3,CN3,CN3,CN2,CN2,CN2,CN2,CN2,CN1,CN2,CN2,CN2
bden_JEL423_supercont1.1,2532501,2534600,2100,CN2,CN2,CN2,CN2,CN2,CN2,CN2,CN2,CN2,CN2,CN2,CN2,CN2,CN2,CN2,CN2,CN1,CN2,CN2,CN2,CN1
bden_JEL423_supercont1.1,2835801,2836900,1100,CN2,CN2,CN2,CN2,CN2,CN2,CN2,CN2,CN2,CN2,CN2,CN3,CN2,CN0,CN2,CN2,CN2,CN2,CN2,CN2,CN2
bden_JEL423_supercont1.1,2980301,2982800,2500,CN2,CN2,CN2,CN2,CN2,CN2,CN2,CN2,CN0,CN2,CN2,CN3,CN2,CN2,CN2,CN2,CN2,CN2,CN2,CN2,CN2
bden_JEL423_supercont1.1,3010901,3011900,1000,CN2,CN2,CN2,CN2,CN2,CN2,CN2,CN2,CN2,CN2,CN2,CN3,CN2,CN2,CN2,CN2,CN1,CN2,CN2,CN2,CN2
bden_JEL423_supercont1.1,3015701,3017200,1500,CN2,CN2,CN2,CN2,CN2,CN2,CN2,CN3,CN3,CN3,CN3,CN4,CN3,CN3,CN2,CN2,CN1,CN2,CN2,CN3,CN1
bden_JEL423_supercont1.1,3101701,3102800,1100,CN2,CN2,CN2,CN2,CN2,CN2,CN2,CN1,CN4,CN4,CN4,CN4,CN4,CN4,CN2,CN2,CN1,CN2,CN2,CN4,CN1
bden_JEL423_supercont1.1,3143001,3145400,2400,CN1,CN2,CN2,CN2,CN2,CN2,CN2,CN2,CN2,CN2,CN3,CN3,CN2,CN2,CN2,CN2,CN1,CN2,CN2,CN2,CN1
bden_JEL423_supercont1.1,3150701,3153000,2300,CN2,CN2,CN2,CN2,CN2,CN2,CN2,CN2,CN2,CN2,CN3,CN3,CN2,CN2,CN2,CN2,CN2,CN2,CN2,CN2,CN2
bden_JEL423_supercont1.1,3162501,3163500,1000,CN2,CN2,CN2,CN2,CN2,CN2,CN2,CN3,CN3,CN3,CN3,CN3,CN3,CN2,CN2,CN2,CN2,CN2,CN2,CN3,CN2
bden_JEL423_supercont1.1,3294301,3295700,1400,CN2,CN2,CN2,CN2,CN2,CN2,CN2,CN2,CN3,CN3,CN3,CN4,CN3,CN3,CN2,CN2,CN0,CN2,CN2,CN3,CN0
bden_JEL423_supercont1.1,3581301,3583500,2200,CN2,CN2,CN2,CN2,CN2,CN2,CN2,CN2,CN2,CN2,CN2,CN2,CN2,CN2,CN2,CN2,CN4,CN2,CN2,CN2,CN2
bden_JEL423_supercont1.1,3653901,3655100,1200,CN2,CN2,CN2,CN2,CN2,CN2,CN2,CN2,CN2,CN2,CN2,CN2,CN2,CN2,CN2,CN2,CN1,CN2,CN2,CN2,CN2
bden_JEL423_supercont1.1,3746301,3749800,3500,CN2,CN2,CN2,CN2,CN2,CN2,CN2,CN3,CN3,CN3,CN3,CN4,CN3,CN2,CN2,CN2,CN1,CN2,CN2,CN3,CN2
bden_JEL423_supercont1.1,3751501,3753000,1500,CN1,CN1,CN1,CN1,CN2,CN2,CN2,CN2,CN2,CN2,CN2,CN3,CN2,CN2,CN2,CN2,CN1,CN2,CN2,CN2,CN1
bden_JEL423_supercont1.1,3855101,3859400,4300,CN2,CN2,CN2,CN2,CN2,CN3,CN2,CN2,CN2,CN2,CN3,CN3,CN2,CN2,CN2,CN2,CN1,CN2,CN2,CN2,CN2
bden_JEL423_supercont1.1,3861401,3862600,1200,CN2,CN2,CN2,CN2,CN2,CN4,CN2,CN2,CN2,CN2,CN2,CN2,CN2,CN2,CN2,CN2,CN2,CN2,CN2,CN2,CN2
bden_JEL423_supercont1.1,3867401,3870000,2600,CN1,CN1,CN2,CN2,CN2,CN2,CN2,CN2,CN2,CN2,CN3,CN3,CN2,CN2,CN2,CN2,CN1,CN2,CN2,CN2,CN1
bden_JEL423_supercont1.1,4388601,4396500,7900,CN2,CN2,CN2,CN2,CN2,CN2,CN2,CN2,CN2,CN2,CN3,CN3,CN2,CN2,CN2,CN2,CN1,CN2,CN2,CN2,CN1
bden_JEL423_supercont1.1,4416501,4418200,1700,CN2,CN2,CN2,CN1,CN2,CN2,CN2,CN3,CN3,CN2,CN2,CN3,CN3,CN3,CN2,CN2,CN1,CN2,CN2,CN3,CN1
bden_JEL423_supercont1.1,4430401,4431700,1300,CN2,CN2,CN2,CN1,CN2,CN2,CN1,CN1,CN2,CN2,CN2,CN3,CN2,CN2,CN2,CN2,CN1,CN2,CN1,CN2,CN2
bden_JEL423_supercont1.1,4433001,4434100,1100,CN2,CN2,CN2,CN2,CN2,CN2,CN2,CN2,CN2,CN2,CN2,CN3,CN2,CN2,CN2,CN2,CN1,CN2,CN2,CN2,CN1
bden_JEL423_supercont1.1,4435401,4438200,2800,CN2,CN2,CN2,CN2,CN2,CN2,CN2,CN2,CN2,CN2,CN3,CN3,CN3,CN2,CN2,CN2,CN1,CN2,CN2,CN3,CN2
bden_JEL423_supercont1.10,1,3300,3300,CN2,CN2,CN2,CN2,CN3,CN5,CN2,CN4,CN3,CN3,CN5,CN4,CN4,CN3,CN2,CN2,CN2,CN2,CN3,CN3,CN2
bden_JEL423_supercont1.10,8601,10100,1500,CN1,CN1,CN2,CN1,CN2,CN2,CN2,CN2,CN3,CN2,CN2,CN2,CN2,CN2,CN2,CN2,CN1,CN2,CN2,CN2,CN2
bden_JEL423_supercont1.10,13501,15300,1800,CN2,CN2,CN2,CN2,CN2,CN2,CN2,CN3,CN2,CN2,CN2,CN2,CN3,CN3,CN2,CN2,CN1,CN2,CN2,CN3,CN2
bden_JEL423_supercont1.10,20301,24000,3700,CN2,CN2,CN2,CN2,CN2,CN2,CN2,CN3,CN1,CN2,CN2,CN2,CN3,CN2,CN2,CN2,CN2,CN2,CN2,CN2,CN2
bden_JEL423_supercont1.10,27901,29000,1100,CN2,CN2,CN2,CN2,CN2,CN2,CN2,CN3,CN2,CN3,CN3,CN2,CN3,CN3,CN2,CN2,CN1,CN2,CN2,CN3,CN2
bden_JEL423_supercont1.10,34701,36300,1600,CN2,CN2,CN2,CN2,CN2,CN2,CN2,CN3,CN2,CN2,CN2,CN2,CN2,CN2,CN2,CN2,CN0,CN2,CN2,CN2,CN0
bden_JEL423_supercont1.10,36901,42400,5500,CN2,CN2,CN2,CN2,CN2,CN2,CN2,CN2,CN2,CN2,CN2,CN2,CN2,CN2,CN2,CN2,CN2,CN1,CN2,CN2,CN2
bden_JEL423_supercont1.10,666801,668200,1400,CN2,CN2,CN2,CN2,CN2,CN2,CN2,CN2,CN2,CN2,CN2,CN2,CN2,CN2,CN2,CN2,CN1,CN2,CN2,CN2,CN1
bden_JEL423_supercont1.10,736001,737100,1100,CN2,CN2,CN2,CN2,CN2,CN2,CN2,CN4,CN3,CN3,CN4,CN4,CN3,CN3,CN2,CN2,CN1,CN2,CN2,CN3,CN2
bden_JEL423_supercont1.10,855201,857200,2000,CN2,CN2,CN4,CN2,CN2,CN2,CN2,CN2,CN2,CN2,CN2,CN2,CN2,CN2,CN2,CN2,CN2,CN2,CN2,CN2,CN2
bden_JEL423_supercont1.10,948101,950700,2600,CN2,CN2,CN5,CN2,CN2,CN2,CN2,CN3,CN2,CN3,CN2,CN2,CN2,CN3,CN2,CN2,CN1,CN2,CN2,CN2,CN2
bden_JEL423_supercont1.10,958101,959200,1100,CN2,CN2,CN2,CN2,CN2,CN2,CN2,CN2,CN2,CN2,CN2,CN2,CN2,CN2,CN2,CN2,CN1,CN2,CN2,CN2,CN2
bden_JEL423_supercont1.10,961101,967200,6100,CN2,CN2,CN2,CN2,CN2,CN2,CN2,CN2,CN2,CN2,CN2,CN2,CN2,CN2,CN2,CN2,CN1,CN2,CN2,CN2,CN1
bden_JEL423_supercont1.10,971801,973600,1800,CN2,CN2,CN2,CN2,CN2,CN2,CN2,CN2,CN4,CN2,CN2,CN2,CN2,CN2,CN2,CN2,CN1,CN2,CN2,CN2,CN2
bden_JEL423_supercont1.10,974601,975900,1300,CN2,CN2,CN2,CN2,CN2,CN2,CN2,CN2,CN3,CN3,CN2,CN2,CN2,CN3,CN1,CN2,CN2,CN2,CN2,CN3,CN2
bden_JEL423_supercont1.10,999001,1000800,1800,CN2,CN2,CN2,CN2,CN2,CN2,CN2,CN2,CN3,CN2,CN2,CN2,CN2,CN3,CN2,CN2,CN2,CN2,CN2,CN2,CN2
bden_JEL423_supercont1.10,1011301,1012304,1004,CN2,CN1,CN2,CN1,CN2,CN6,CN2,CN2,CN2,CN2,CN5,CN3,CN3,CN2,CN1,CN1,CN1,CN1,CN2,CN3,CN1
bden_JEL423_supercont1.11,2001,19800,17800,CN2,CN2,CN8,CN2,CN2,CN2,CN2,CN2,CN2,CN2,CN2,CN3,CN2,CN3,CN2,CN2,CN2,CN2,CN2,CN2,CN2
bden_JEL423_supercont1.11,21101,28100,7000,CN2,CN2,CN2,CN2,CN2,CN2,CN2,CN2,CN2,CN2,CN2,CN3,CN3,CN3,CN2,CN2,CN2,CN2,CN2,CN3,CN2
bden_JEL423_supercont1.11,31801,33300,1500,CN3,CN2,CN2,CN2,CN2,CN2,CN2,CN2,CN2,CN2,CN0,CN3,CN2,CN3,CN2,CN2,CN2,CN2,CN2,CN2,CN2
bden_JEL423_supercont1.11,393301,394500,1200,CN2,CN2,CN2,CN2,CN2,CN2,CN2,CN2,CN2,CN2,CN2,CN3,CN3,CN3,CN2,CN2,CN2,CN3,CN2,CN3,CN2
bden_JEL423_supercont1.11,396801,398900,2100,CN2,CN2,CN2,CN2,CN2,CN2,CN2,CN2,CN2,CN2,CN2,CN3,CN3,CN3,CN2,CN2,CN1,CN2,CN2,CN2,CN1
bden_JEL423_supercont1.11,400201,403100,2900,CN2,CN2,CN2,CN2,CN2,CN2,CN2,CN2,CN2,CN2,CN3,CN3,CN3,CN3,CN2,CN2,CN1,CN2,CN2,CN2,CN1
bden_JEL423_supercont1.11,576301,577400,1100,CN2,CN2,CN2,CN2,CN2,CN2,CN2,CN2,CN2,CN2,CN3,CN4,CN3,CN4,CN2,CN2,CN2,CN2,CN2,CN3,CN2
bden_JEL423_supercont1.11,781001,784700,3700,CN2,CN2,CN2,CN2,CN2,CN2,CN2,CN2,CN2,CN2,CN3,CN4,CN3,CN3,CN2,CN2,CN1,CN2,CN2,CN3,CN2
bden_JEL423_supercont1.11,931501,932600,1100,CN2,CN2,CN2,CN2,CN2,CN2,CN2,CN2,CN2,CN2,CN4,CN4,CN2,CN4,CN2,CN2,CN2,CN2,CN2,CN4,CN2
bden_JEL423_supercont1.11,946301,951200,4900,CN2,CN2,CN2,CN2,CN2,CN2,CN2,CN2,CN2,CN2,CN2,CN3,CN3,CN3,CN2,CN2,CN1,CN2,CN2,CN3,CN2
bden_JEL423_supercont1.11,952301,953500,1200,CN2,CN2,CN2,CN2,CN2,CN2,CN2,CN2,CN2,CN2,CN2,CN3,CN3,CN2,CN2,CN2,CN1,CN2,CN2,CN2,CN1
bden_JEL423_supercont1.11,969701,970700,1000,CN1,CN2,CN2,CN2,CN2,CN2,CN2,CN2,CN2,CN2,CN4,CN4,CN2,CN3,CN2,CN2,CN1,CN3,CN2,CN3,CN2
bden_JEL423_supercont1.11,974701,976200,1500,CN2,CN2,CN2,CN2,CN2,CN2,CN2,CN2,CN2,CN2,CN2,CN3,CN2,CN3,CN2,CN2,CN1,CN2,CN2,CN3,CN1
bden_JEL423_supercont1.12,107101,108100,1000,CN2,CN2,CN2,CN2,CN2,CN2,CN2,CN2,CN2,CN2,CN2,CN2,CN2,CN2,CN2,CN2,CN1,CN2,CN2,CN2,CN1
bden_JEL423_supercont1.12,114601,116000,1400,CN2,CN2,CN2,CN2,CN2,CN2,CN2,CN2,CN2,CN2,CN2,CN2,CN3,CN2,CN2,CN2,CN2,CN2,CN3,CN2,CN2
bden_JEL423_supercont1.12,122301,123600,1300,CN2,CN2,CN2,CN1,CN2,CN2,CN2,CN2,CN2,CN2,CN2,CN2,CN2,CN2,CN2,CN2,CN2,CN1,CN2,CN2,CN2
bden_JEL423_supercont1.12,124801,126000,1200,CN2,CN2,CN2,CN2,CN2,CN2,CN2,CN2,CN2,CN2,CN2,CN2,CN2,CN2,CN2,CN2,CN2,CN2,CN2,CN2,CN2
bden_JEL423_supercont1.12,131201,133800,2600,CN2,CN2,CN2,CN2,CN2,CN2,CN2,CN2,CN2,CN2,CN2,CN2,CN2,CN2,CN2,CN2,CN1,CN2,CN2,CN2,CN2
bden_JEL423_supercont1.12,135901,142900,7000,CN1,CN1,CN2,CN2,CN2,CN2,CN2,CN2,CN2,CN2,CN2,CN2,CN2,CN2,CN2,CN2,CN1,CN2,CN2,CN2,CN1
bden_JEL423_supercont1.12,147301,149300,2000,CN1,CN2,CN2,CN2,CN2,CN2,CN2,CN2,CN2,CN2,CN2,CN2,CN2,CN2,CN2,CN2,CN1,CN2,CN2,CN2,CN1
bden_JEL423_supercont1.12,161701,163200,1500,CN2,CN2,CN2,CN2,CN2,CN2,CN2,CN2,CN3,CN2,CN2,CN4,CN4,CN4,CN2,CN2,CN1,CN2,CN2,CN2,CN1
bden_JEL423_supercont1.12,167201,169700,2500,CN2,CN2,CN2,CN2,CN2,CN2,CN2,CN2,CN2,CN3,CN2,CN3,CN2,CN2,CN2,CN2,CN2,CN2,CN2,CN3,CN2
bden_JEL423_supercont1.12,180601,181700,1100,CN2,CN2,CN2,CN2,CN2,CN2,CN2,CN2,CN2,CN2,CN2,CN2,CN2,CN2,CN2,CN2,CN2,CN2,CN2,CN2,CN2
bden_JEL423_supercont1.12,184901,188200,3300,CN2,CN2,CN2,CN2,CN2,CN2,CN2,CN2,CN2,CN2,CN2,CN2,CN2,CN2,CN2,CN2,CN1,CN2,CN2,CN2,CN2
bden_JEL423_supercont1.12,192101,193100,1000,CN2,CN2,CN2,CN2,CN2,CN2,CN2,CN3,CN3,CN2,CN2,CN2,CN3,CN3,CN3,CN2,CN3,CN2,CN2,CN2,CN2
bden_JEL423_supercont1.12,217101,218200,1100,CN1,CN1,CN2,CN2,CN2,CN2,CN2,CN3,CN3,CN3,CN2,CN3,CN3,CN3,CN3,CN2,CN1,CN2,CN2,CN3,CN2
bden_JEL423_supercont1.12,248101,249200,1100,CN4,CN4,CN4,CN4,CN2,CN2,CN2,CN2,CN2,CN2,CN2,CN2,CN2,CN2,CN2,CN2,CN4,CN2,CN2,CN2,CN2
bden_JEL423_supercont1.12,269701,271300,1600,CN2,CN2,CN2,CN2,CN2,CN2,CN2,CN2,CN2,CN2,CN2,CN2,CN2,CN2,CN2,CN2,CN2,CN2,CN2,CN2,CN2
bden_JEL423_supercont1.12,282801,284600,1800,CN2,CN2,CN2,CN2,CN2,CN2,CN2,CN3,CN3,CN3,CN2,CN3,CN3,CN3,CN3,CN2,CN2,CN2,CN2,CN3,CN2
bden_JEL423_supercont1.12,288201,294200,6000,CN2,CN2,CN2,CN2,CN2,CN2,CN2,CN3,CN3,CN2,CN2,CN2,CN3,CN3,CN3,CN2,CN1,CN2,CN2,CN2,CN1
bden_JEL423_supercont1.12,643301,644800,1500,CN2,CN2,CN2,CN2,CN2,CN2,CN2,CN3,CN3,CN3,CN2,CN3,CN2,CN2,CN2,CN2,CN2,CN2,CN2,CN3,CN2
bden_JEL423_supercont1.12,645901,647300,1400,CN2,CN2,CN2,CN2,CN2,CN2,CN2,CN3,CN2,CN3,CN2,CN3,CN2,CN2,CN2,CN2,CN2,CN2,CN2,CN3,CN2
bden_JEL423_supercont1.12,759401,760900,1500,CN2,CN2,CN2,CN2,CN2,CN2,CN2,CN2,CN2,CN2,CN2,CN2,CN2,CN2,CN2,CN2,CN1,CN2,CN2,CN2,CN1
bden_JEL423_supercont1.12,858501,862000,3500,CN2,CN2,CN2,CN1,CN2,CN2,CN2,CN2,CN2,CN2,CN2,CN2,CN2,CN2,CN2,CN2,CN1,CN2,CN2,CN2,CN1
bden_JEL423_supercont1.12,865001,866400,1400,CN2,CN2,CN2,CN2,CN2,CN2,CN2,CN2,CN2,CN2,CN2,CN2,CN2,CN2,CN2,CN2,CN1,CN2,CN2,CN2,CN2
bden_JEL423_supercont1.12,867801,870000,2200,CN2,CN2,CN2,CN2,CN2,CN2,CN2,CN2,CN2,CN2,CN2,CN2,CN2,CN2,CN2,CN2,CN2,CN2,CN2,CN2,CN2
bden_JEL423_supercont1.12,874501,875500,1000,CN2,CN2,CN2,CN2,CN2,CN2,CN2,CN2,CN2,CN2,CN3,CN2,CN2,CN2,CN2,CN2,CN2,CN2,CN2,CN3,CN2
bden_JEL423_supercont1.12,886501,890100,3600,CN2,CN2,CN2,CN2,CN2,CN2,CN2,CN2,CN2,CN2,CN3,CN3,CN2,CN2,CN2,CN2,CN1,CN2,CN2,CN2,CN1
bden_JEL423_supercont1.12,897501,898800,1300,CN2,CN2,CN2,CN2,CN2,CN2,CN2,CN2,CN2,CN2,CN2,CN2,CN2,CN4,CN2,CN2,CN2,CN2,CN2,CN2,CN2
bden_JEL423_supercont1.12,900901,903300,2400,CN2,CN2,CN2,CN2,CN2,CN2,CN2,CN2,CN2,CN2,CN2,CN2,CN2,CN4,CN2,CN2,CN2,CN2,CN2,CN2,CN2
bden_JEL423_supercont1.12,929801,937106,7306,CN2,CN2,CN2,CN2,CN2,CN1,CN1,CN2,CN2,CN2,CN1,CN2,CN2,CN2,CN2,CN2,CN1,CN2,CN1,CN2,CN1
bden_JEL423_supercont1.13,1,1600,1600,CN2,CN2,CN2,CN1,CN2,CN2,CN2,CN2,CN2,CN2,CN2,CN3,CN2,CN3,CN2,CN2,CN1,CN2,CN2,CN2,CN1
bden_JEL423_supercont1.13,16301,19100,2800,CN2,CN2,CN2,CN2,CN2,CN2,CN2,CN3,CN3,CN3,CN3,CN3,CN3,CN3,CN2,CN2,CN1,CN2,CN2,CN3,CN2
bden_JEL423_supercont1.13,32901,34200,1300,CN2,CN1,CN1,CN1,CN2,CN1,CN1,CN2,CN2,CN2,CN2,CN2,CN2,CN2,CN2,CN1,CN2,CN2,CN2,CN2,CN2
bden_JEL423_supercont1.13,35901,37500,1600,CN2,CN1,CN1,CN1,CN2,CN2,CN2,CN2,CN2,CN2,CN2,CN2,CN2,CN2,CN2,CN1,CN5,CN2,CN2,CN2,CN2
bden_JEL423_supercont1.13,41901,42900,1000,CN2,CN2,CN2,CN2,CN2,CN2,CN2,CN2,CN2,CN2,CN3,CN3,CN2,CN3,CN2,CN2,CN1,CN2,CN2,CN3,CN2
bden_JEL423_supercont1.13,420101,421200,1100,CN2,CN2,CN2,CN2,CN2,CN2,CN2,CN2,CN2,CN2,CN2,CN3,CN2,CN3,CN2,CN2,CN1,CN2,CN2,CN2,CN2
bden_JEL423_supercont1.13,423101,429200,6100,CN2,CN2,CN2,CN2,CN2,CN2,CN2,CN3,CN3,CN3,CN3,CN4,CN3,CN3,CN2,CN2,CN1,CN2,CN2,CN3,CN2
bden_JEL423_supercont1.13,580001,581000,1000,CN2,CN2,CN2,CN2,CN2,CN2,CN2,CN2,CN2,CN2,CN2,CN3,CN2,CN3,CN2,CN2,CN2,CN2,CN2,CN2,CN2
bden_JEL423_supercont1.13,593701,595200,1500,CN2,CN2,CN2,CN2,CN2,CN2,CN2,CN3,CN3,CN3,CN3,CN3,CN2,CN3,CN2,CN2,CN1,CN2,CN2,CN2,CN1
bden_JEL423_supercont1.13,597901,600700,2800,CN2,CN2,CN2,CN2,CN2,CN2,CN2,CN3,CN3,CN3,CN3,CN3,CN3,CN3,CN2,CN2,CN1,CN2,CN2,CN2,CN1
bden_JEL423_supercont1.13,634101,635100,1000,CN2,CN2,CN2,CN2,CN2,CN2,CN2,CN2,CN3,CN2,CN2,CN3,CN2,CN3,CN2,CN2,CN1,CN2,CN2,CN3,CN2
bden_JEL423_supercont1.13,883501,891600,8100,CN3,CN1,CN2,CN2,CN1,CN3,CN2,CN2,CN1,CN1,CN2,CN1,CN2,CN1,CN2,CN1,CN8,CN2,CN1,CN1,CN5
bden_JEL423_supercont1.14,3601,4900,1300,CN2,CN1,CN2,CN2,CN2,CN1,CN2,CN2,CN2,CN2,CN2,CN3,CN3,CN3,CN2,CN2,CN1,CN2,CN2,CN3,CN2
bden_JEL423_supercont1.14,11001,13700,2700,CN2,CN2,CN2,CN2,CN2,CN3,CN2,CN2,CN3,CN2,CN3,CN3,CN3,CN3,CN2,CN2,CN1,CN2,CN2,CN3,CN1
bden_JEL423_supercont1.14,36301,37500,1200,CN2,CN1,CN2,CN2,CN1,CN1,CN1,CN1,CN1,CN1,CN1,CN1,CN1,CN1,CN1,CN1,CN8,CN1,CN1,CN2,CN2
bden_JEL423_supercont1.14,39801,54400,14600,CN1,CN2,CN1,CN1,CN2,CN2,CN2,CN2,CN2,CN2,CN2,CN3,CN3,CN3,CN1,CN2,CN2,CN1,CN2,CN2,CN1
bden_JEL423_supercont1.14,58501,59700,1200,CN1,CN1,CN1,CN2,CN2,CN2,CN2,CN2,CN5,CN2,CN4,CN5,CN4,CN2,CN2,CN2,CN2,CN2,CN4,CN3,CN2
bden_JEL423_supercont1.14,73001,82700,9700,CN1,CN2,CN1,CN1,CN2,CN3,CN2,CN2,CN2,CN2,CN3,CN3,CN3,CN3,CN1,CN2,CN1,CN1,CN2,CN2,CN1
bden_JEL423_supercont1.14,85501,89700,4200,CN1,CN1,CN1,CN1,CN2,CN2,CN2,CN3,CN3,CN2,CN2,CN4,CN4,CN4,CN2,CN2,CN1,CN1,CN2,CN3,CN2
bden_JEL423_supercont1.14,90701,92200,1500,CN2,CN2,CN2,CN2,CN2,CN1,CN2,CN2,CN3,CN2,CN2,CN2,CN2,CN2,CN2,CN1,CN1,CN2,CN1,CN3,CN1
bden_JEL423_supercont1.14,102901,110100,7200,CN2,CN2,CN2,CN2,CN2,CN4,CN2,CN2,CN4,CN2,CN3,CN4,CN4,CN3,CN2,CN2,CN2,CN2,CN2,CN4,CN1
bden_JEL423_supercont1.14,140201,142100,1900,CN1,CN2,CN1,CN1,CN2,CN3,CN2,CN2,CN3,CN2,CN2,CN3,CN3,CN3,CN2,CN2,CN1,CN1,CN1,CN2,CN1
bden_JEL423_supercont1.14,142901,146200,3300,CN2,CN2,CN2,CN1,CN2,CN3,CN2,CN3,CN3,CN2,CN3,CN4,CN4,CN3,CN2,CN2,CN2,CN2,CN2,CN3,CN1
bden_JEL423_supercont1.14,147601,152900,5300,CN1,CN1,CN1,CN1,CN3,CN3,CN2,CN4,CN4,CN3,CN2,CN5,CN5,CN4,CN2,CN2,CN1,CN1,CN2,CN3,CN2
bden_JEL423_supercont1.14,155801,157200,1400,CN2,CN1,CN2,CN2,CN2,CN1,CN2,CN2,CN3,CN2,CN2,CN3,CN3,CN3,CN2,CN2,CN1,CN2,CN2,CN3,CN2
bden_JEL423_supercont1.14,167401,178900,11500,CN2,CN2,CN2,CN2,CN2,CN4,CN3,CN2,CN4,CN2,CN3,CN5,CN4,CN4,CN2,CN2,CN2,CN2,CN2,CN4,CN2
bden_JEL423_supercont1.14,181101,184900,3800,CN1,CN1,CN1,CN1,CN2,CN2,CN2,CN2,CN2,CN2,CN2,CN6,CN5,CN3,CN2,CN2,CN1,CN1,CN2,CN3,CN2
bden_JEL423_supercont1.14,195201,197200,2000,CN1,CN2,CN1,CN1,CN2,CN2,CN2,CN2,CN2,CN2,CN1,CN3,CN3,CN3,CN1,CN2,CN1,CN1,CN2,CN2,CN1
bden_JEL423_supercont1.14,212301,213700,1400,CN2,CN2,CN2,CN1,CN2,CN2,CN2,CN3,CN3,CN2,CN2,CN4,CN4,CN4,CN2,CN2,CN2,CN1,CN2,CN3,CN2
bden_JEL423_supercont1.14,215301,217000,1700,CN1,CN1,CN1,CN1,CN3,CN3,CN2,CN4,CN4,CN3,CN2,CN5,CN5,CN5,CN2,CN2,CN1,CN1,CN2,CN3,CN1
bden_JEL423_supercont1.14,222201,223400,1200,CN2,CN1,CN2,CN2,CN2,CN2,CN2,CN2,CN3,CN2,CN2,CN3,CN3,CN3,CN2,CN2,CN1,CN2,CN2,CN3,CN2
bden_JEL423_supercont1.14,229801,231300,1500,CN2,CN2,CN2,CN2,CN2,CN3,CN2,CN2,CN3,CN2,CN3,CN3,CN3,CN3,CN2,CN2,CN1,CN2,CN2,CN3,CN1
bden_JEL423_supercont1.14,240801,245100,4300,CN2,CN1,CN2,CN2,CN2,CN1,CN2,CN2,CN2,CN2,CN2,CN2,CN2,CN2,CN2,CN2,CN2,CN2,CN2,CN2,CN2
bden_JEL423_supercont1.14,250701,266000,15300,CN2,CN2,CN2,CN2,CN2,CN1,CN2,CN2,CN4,CN2,CN2,CN2,CN2,CN2,CN2,CN2,CN2,CN2,CN2,CN4,CN2
bden_JEL423_supercont1.14,359201,360500,1300,CN2,CN2,CN2,CN2,CN2,CN2,CN2,CN2,CN2,CN2,CN2,CN2,CN2,CN2,CN2,CN2,CN5,CN2,CN2,CN2,CN2
bden_JEL423_supercont1.14,453601,455900,2300,CN2,CN1,CN2,CN2,CN2,CN1,CN2,CN2,CN4,CN2,CN2,CN2,CN2,CN2,CN2,CN2,CN2,CN2,CN2,CN4,CN2
bden_JEL423_supercont1.14,805201,806300,1100,CN2,CN2,CN2,CN2,CN2,CN2,CN4,CN2,CN4,CN2,CN2,CN2,CN2,CN4,CN2,CN2,CN2,CN2,CN2,CN4,CN2
bden_JEL423_supercont1.14,809801,811200,1400,CN2,CN2,CN2,CN2,CN2,CN2,CN4,CN2,CN4,CN2,CN2,CN2,CN2,CN4,CN2,CN2,CN2,CN2,CN2,CN4,CN2
bden_JEL423_supercont1.14,829401,830900,1500,CN2,CN2,CN2,CN2,CN2,CN2,CN2,CN2,CN2,CN2,CN2,CN2,CN2,CN2,CN2,CN2,CN2,CN2,CN2,CN2,CN2
bden_JEL423_supercont1.14,835301,837200,1900,CN2,CN2,CN2,CN2,CN2,CN2,CN2,CN2,CN2,CN2,CN2,CN2,CN2,CN2,CN2,CN2,CN2,CN2,CN2,CN2,CN2
bden_JEL423_supercont1.14,838701,839900,1200,CN2,CN2,CN2,CN2,CN2,CN2,CN2,CN2,CN2,CN2,CN2,CN2,CN2,CN2,CN2,CN2,CN2,CN2,CN2,CN4,CN2
bden_JEL423_supercont1.15,398901,404500,5600,CN2,CN2,CN2,CN2,CN1,CN3,CN2,CN2,CN2,CN2,CN2,CN2,CN2,CN3,CN2,CN2,CN2,CN2,CN2,CN2,CN1
bden_JEL423_supercont1.15,506001,507800,1800,CN2,CN2,CN1,CN2,CN2,CN3,CN2,CN2,CN2,CN2,CN3,CN3,CN3,CN2,CN2,CN2,CN1,CN2,CN2,CN2,CN2
bden_JEL423_supercont1.15,508601,509700,1100,CN1,CN1,CN1,CN2,CN1,CN3,CN1,CN2,CN2,CN2,CN3,CN3,CN2,CN3,CN2,CN1,CN2,CN2,CN2,CN2,CN2
bden_JEL423_supercont1.15,518701,522100,3400,CN2,CN2,CN2,CN2,CN2,CN2,CN2,CN2,CN2,CN2,CN2,CN3,CN2,CN1,CN2,CN2,CN2,CN2,CN2,CN2,CN1
bden_JEL423_supercont1.15,524801,533800,9000,CN2,CN2,CN2,CN2,CN2,CN2,CN2,CN3,CN2,CN3,CN3,CN3,CN3,CN1,CN2,CN2,CN2,CN2,CN2,CN2,CN1
bden_JEL423_supercont1.15,537301,541400,4100,CN2,CN2,CN2,CN1,CN2,CN3,CN2,CN2,CN3,CN2,CN2,CN3,CN2,CN1,CN1,CN2,CN1,CN2,CN1,CN2,CN1
bden_JEL423_supercont1.15,542901,544600,1700,CN2,CN2,CN2,CN2,CN2,CN2,CN2,CN2,CN2,CN2,CN2,CN3,CN2,CN2,CN2,CN2,CN1,CN2,CN2,CN2,CN1
bden_JEL423_supercont1.15,550501,553700,3200,CN2,CN2,CN2,CN1,CN2,CN2,CN2,CN2,CN2,CN2,CN2,CN3,CN2,CN2,CN2,CN2,CN1,CN2,CN2,CN2,CN1
bden_JEL423_supercont1.15,556501,557601,1101,CN2,CN2,CN2,CN2,CN2,CN8,CN2,CN3,CN2,CN2,CN6,CN6,CN4,CN3,CN2,CN2,CN2,CN2,CN2,CN3,CN2
bden_JEL423_supercont1.16,1,1500,1500,CN1,CN1,CN1,CN1,CN2,CN5,CN2,CN2,CN2,CN1,CN4,CN4,CN3,CN2,CN1,CN1,CN1,CN1,CN2,CN2,CN1
bden_JEL423_supercont1.16,6701,8700,2000,CN2,CN2,CN2,CN2,CN2,CN2,CN2,CN3,CN2,CN3,CN3,CN4,CN3,CN2,CN2,CN2,CN1,CN2,CN2,CN3,CN2
bden_JEL423_supercont1.16,13401,17100,3700,CN2,CN2,CN2,CN2,CN2,CN2,CN2,CN2,CN2,CN2,CN2,CN3,CN2,CN2,CN2,CN2,CN1,CN2,CN2,CN2,CN1
bden_JEL423_supercont1.16,179601,180700,1100,CN2,CN2,CN2,CN1,CN2,CN2,CN2,CN2,CN4,CN2,CN2,CN4,CN3,CN2,CN2,CN2,CN1,CN2,CN2,CN2,CN2
bden_JEL423_supercont1.16,182701,183900,1200,CN2,CN2,CN2,CN2,CN2,CN2,CN2,CN2,CN4,CN2,CN2,CN4,CN2,CN2,CN2,CN2,CN1,CN2,CN2,CN2,CN2
bden_JEL423_supercont1.16,226701,232700,6000,CN2,CN2,CN2,CN2,CN2,CN2,CN2,CN2,CN2,CN2,CN2,CN4,CN2,CN2,CN2,CN2,CN1,CN2,CN2,CN2,CN2
bden_JEL423_supercont1.16,236701,238800,2100,CN1,CN2,CN2,CN2,CN2,CN2,CN2,CN2,CN2,CN1,CN2,CN4,CN1,CN2,CN2,CN2,CN1,CN2,CN2,CN4,CN2
bden_JEL423_supercont1.16,324901,326100,1200,CN2,CN2,CN2,CN2,CN2,CN2,CN2,CN2,CN2,CN2,CN2,CN2,CN2,CN2,CN2,CN2,CN5,CN2,CN2,CN2,CN2
bden_JEL423_supercont1.16,471401,474400,3000,CN2,CN2,CN2,CN2,CN2,CN2,CN2,CN2,CN2,CN2,CN2,CN3,CN2,CN2,CN2,CN2,CN1,CN2,CN2,CN2,CN2
bden_JEL423_supercont1.16,476201,480700,4500,CN2,CN2,CN2,CN2,CN2,CN2,CN2,CN2,CN2,CN2,CN2,CN3,CN3,CN2,CN2,CN2,CN1,CN2,CN2,CN2,CN2
bden_JEL423_supercont1.16,482401,485000,2600,CN2,CN2,CN2,CN2,CN2,CN2,CN2,CN2,CN2,CN2,CN2,CN3,CN2,CN2,CN2,CN2,CN1,CN2,CN2,CN2,CN1
bden_JEL423_supercont1.16,485601,486600,1000,CN2,CN2,CN2,CN2,CN2,CN2,CN2,CN2,CN2,CN2,CN2,CN4,CN2,CN2,CN2,CN2,CN1,CN2,CN2,CN2,CN2
bden_JEL423_supercont1.17,20901,22200,1300,CN2,CN2,CN2,CN2,CN2,CN2,CN2,CN2,CN2,CN2,CN2,CN3,CN2,CN2,CN2,CN2,CN1,CN2,CN2,CN2,CN2
bden_JEL423_supercont1.17,109401,110500,1100,CN1,CN1,CN1,CN1,CN2,CN2,CN2,CN2,CN2,CN2,CN2,CN2,CN2,CN2,CN2,CN2,CN1,CN2,CN2,CN2,CN2
bden_JEL423_supercont1.17,136701,138900,2200,CN2,CN2,CN2,CN2,CN2,CN5,CN2,CN2,CN4,CN2,CN4,CN4,CN4,CN5,CN2,CN2,CN2,CN4,CN2,CN2,CN2
bden_JEL423_supercont1.17,140901,144000,3100,CN2,CN2,CN2,CN1,CN2,CN2,CN2,CN2,CN2,CN3,CN2,CN2,CN2,CN2,CN2,CN2,CN2,CN2,CN2,CN2,CN2
bden_JEL423_supercont1.17,148201,150100,1900,CN2,CN2,CN2,CN4,CN2,CN4,CN2,CN2,CN4,CN1,CN4,CN4,CN4,CN5,CN2,CN2,CN1,CN4,CN2,CN2,CN2
bden_JEL423_supercont1.17,150501,151600,1100,CN2,CN2,CN2,CN0,CN2,CN2,CN2,CN2,CN2,CN4,CN2,CN2,CN2,CN1,CN2,CN2,CN2,CN2,CN2,CN2,CN2
bden_JEL423_supercont1.17,165401,171600,6200,CN2,CN2,CN2,CN0,CN2,CN2,CN2,CN2,CN2,CN2,CN2,CN2,CN2,CN2,CN2,CN2,CN0,CN2,CN2,CN2,CN0
bden_JEL423_supercont1.17,173201,175400,2200,CN2,CN2,CN2,CN1,CN2,CN2,CN2,CN3,CN2,CN2,CN2,CN3,CN2,CN3,CN2,CN2,CN1,CN2,CN2,CN3,CN2
bden_JEL423_supercont1.17,179801,216400,36600,CN2,CN2,CN2,CN1,CN2,CN2,CN2,CN2,CN2,CN2,CN2,CN3,CN2,CN3,CN2,CN2,CN1,CN2,CN2,CN2,CN1
bden_JEL423_supercont1.17,220201,228300,8100,CN2,CN2,CN2,CN1,CN2,CN2,CN2,CN2,CN2,CN2,CN2,CN3,CN2,CN3,CN2,CN2,CN1,CN2,CN2,CN2,CN1
bden_JEL423_supercont1.17,230901,233500,2600,CN2,CN2,CN2,CN1,CN2,CN2,CN2,CN2,CN2,CN2,CN2,CN4,CN2,CN3,CN2,CN2,CN2,CN2,CN2,CN2,CN2
bden_JEL423_supercont1.17,234501,236200,1700,CN2,CN2,CN2,CN2,CN2,CN2,CN2,CN2,CN2,CN2,CN2,CN3,CN2,CN3,CN2,CN2,CN2,CN2,CN2,CN2,CN2
bden_JEL423_supercont1.2,1201,2300,1100,CN2,CN2,CN2,CN2,CN2,CN2,CN3,CN3,CN2,CN3,CN3,CN3,CN2,CN2,CN2,CN2,CN1,CN2,CN2,CN3,CN1
bden_JEL423_supercont1.2,6701,8900,2200,CN2,CN1,CN2,CN2,CN2,CN1,CN2,CN2,CN2,CN2,CN2,CN2,CN2,CN2,CN2,CN2,CN2,CN1,CN1,CN2,CN2
bden_JEL423_supercont1.2,11201,12400,1200,CN2,CN1,CN3,CN2,CN2,CN2,CN2,CN2,CN3,CN2,CN2,CN3,CN3,CN3,CN3,CN3,CN2,CN1,CN1,CN2,CN2
bden_JEL423_supercont1.2,12901,14500,1600,CN2,CN2,CN1,CN1,CN2,CN1,CN2,CN2,CN2,CN2,CN2,CN2,CN2,CN1,CN2,CN1,CN2,CN2,CN2,CN2,CN2
bden_JEL423_supercont1.2,91901,93000,1100,CN2,CN2,CN2,CN2,CN1,CN1,CN2,CN2,CN2,CN2,CN2,CN2,CN2,CN1,CN1,CN2,CN3,CN1,CN2,CN2,CN2
bden_JEL423_supercont1.2,97801,99200,1400,CN2,CN2,CN2,CN2,CN2,CN2,CN2,CN2,CN2,CN2,CN2,CN2,CN2,CN2,CN2,CN2,CN1,CN2,CN2,CN2,CN1
bden_JEL423_supercont1.2,102001,103400,1400,CN2,CN2,CN2,CN2,CN2,CN2,CN3,CN3,CN3,CN2,CN3,CN3,CN3,CN2,CN2,CN2,CN2,CN2,CN2,CN2,CN2
bden_JEL423_supercont1.2,131301,132400,1100,CN1,CN2,CN1,CN2,CN2,CN1,CN2,CN2,CN2,CN2,CN2,CN2,CN2,CN1,CN1,CN2,CN2,CN2,CN1,CN2,CN1
bden_JEL423_supercont1.2,266801,268200,1400,CN2,CN2,CN2,CN2,CN2,CN1,CN3,CN3,CN3,CN2,CN2,CN3,CN3,CN2,CN2,CN2,CN2,CN2,CN2,CN2,CN2
bden_JEL423_supercont1.2,448301,449400,1100,CN2,CN2,CN2,CN2,CN2,CN2,CN2,CN3,CN3,CN3,CN3,CN3,CN3,CN2,CN2,CN2,CN1,CN2,CN2,CN2,CN2
bden_JEL423_supercont1.2,458801,467200,8400,CN2,CN2,CN2,CN2,CN2,CN1,CN2,CN2,CN2,CN2,CN2,CN2,CN2,CN2,CN2,CN2,CN1,CN2,CN2,CN2,CN1
bden_JEL423_supercont1.2,820201,821200,1000,CN2,CN2,CN2,CN2,CN2,CN2,CN2,CN3,CN2,CN2,CN3,CN3,CN3,CN2,CN2,CN2,CN1,CN2,CN2,CN2,CN2
bden_JEL423_supercont1.2,1205601,1208700,3100,CN2,CN2,CN2,CN2,CN2,CN2,CN2,CN3,CN2,CN2,CN2,CN3,CN3,CN2,CN2,CN2,CN1,CN2,CN2,CN2,CN1
bden_JEL423_supercont1.2,1340801,1341900,1100,CN2,CN2,CN2,CN2,CN2,CN2,CN2,CN2,CN2,CN2,CN2,CN2,CN3,CN2,CN2,CN2,CN2,CN2,CN2,CN2,CN2
bden_JEL423_supercont1.2,1346701,1347900,1200,CN2,CN2,CN2,CN2,CN2,CN2,CN2,CN2,CN2,CN2,CN2,CN3,CN3,CN2,CN2,CN2,CN1,CN2,CN2,CN2,CN1
bden_JEL423_supercont1.2,1350301,1352200,1900,CN2,CN2,CN2,CN2,CN2,CN2,CN2,CN3,CN2,CN2,CN2,CN3,CN3,CN2,CN2,CN2,CN1,CN2,CN2,CN2,CN1
bden_JEL423_supercont1.2,1697001,1698000,1000,CN4,CN4,CN4,CN4,CN2,CN2,CN2,CN2,CN2,CN2,CN2,CN2,CN2,CN2,CN2,CN2,CN4,CN2,CN2,CN2,CN2
bden_JEL423_supercont1.2,2183001,2184900,1900,CN2,CN2,CN2,CN2,CN2,CN2,CN2,CN3,CN2,CN2,CN2,CN3,CN2,CN2,CN2,CN2,CN1,CN2,CN2,CN2,CN1
bden_JEL423_supercont1.2,2186001,2187400,1400,CN2,CN2,CN2,CN2,CN2,CN2,CN2,CN2,CN2,CN2,CN2,CN3,CN2,CN2,CN2,CN2,CN1,CN2,CN2,CN2,CN1
bden_JEL423_supercont1.2,2188601,2190600,2000,CN2,CN2,CN2,CN2,CN2,CN2,CN2,CN3,CN2,CN2,CN2,CN3,CN3,CN2,CN2,CN2,CN2,CN2,CN2,CN3,CN2
bden_JEL423_supercont1.2,2193801,2197500,3700,CN2,CN2,CN2,CN2,CN2,CN2,CN2,CN3,CN2,CN2,CN2,CN3,CN3,CN2,CN2,CN2,CN1,CN2,CN2,CN2,CN1
bden_JEL423_supercont1.2,2201001,2202500,1500,CN2,CN2,CN2,CN2,CN2,CN2,CN2,CN2,CN2,CN2,CN2,CN3,CN2,CN2,CN2,CN2,CN1,CN2,CN2,CN2,CN1
bden_JEL423_supercont1.2,2204601,2207200,2600,CN2,CN2,CN2,CN2,CN2,CN2,CN2,CN2,CN2,CN2,CN2,CN2,CN2,CN2,CN2,CN2,CN1,CN2,CN2,CN2,CN1
bden_JEL423_supercont1.2,2220601,2221700,1100,CN2,CN2,CN2,CN2,CN2,CN1,CN3,CN3,CN2,CN2,CN3,CN3,CN3,CN2,CN2,CN2,CN1,CN2,CN2,CN2,CN1
bden_JEL423_supercont1.2,2227201,2228500,1300,CN2,CN2,CN2,CN2,CN2,CN2,CN2,CN3,CN2,CN2,CN2,CN2,CN3,CN3,CN2,CN2,CN1,CN2,CN1,CN2,CN1
bden_JEL423_supercont1.2,2232701,2234000,1300,CN2,CN2,CN2,CN2,CN2,CN1,CN2,CN3,CN2,CN3,CN2,CN3,CN3,CN3,CN2,CN2,CN1,CN2,CN1,CN2,CN1
bden_JEL423_supercont1.2,2236001,2237000,1000,CN2,CN2,CN2,CN2,CN2,CN1,CN2,CN3,CN2,CN2,CN1,CN3,CN3,CN2,CN2,CN2,CN1,CN2,CN1,CN2,CN1
bden_JEL423_supercont1.2,2248101,2250000,1900,CN1,CN2,CN2,CN1,CN2,CN2,CN2,CN2,CN2,CN2,CN2,CN2,CN2,CN2,CN2,CN1,CN1,CN2,CN1,CN2,CN2
bden_JEL423_supercont1.2,2252901,2254900,2000,CN2,CN2,CN2,CN2,CN2,CN2,CN1,CN2,CN2,CN2,CN2,CN2,CN2,CN1,CN2,CN2,CN2,CN2,CN2,CN2,CN2
bden_JEL423_supercont1.2,2262801,2264200,1400,CN2,CN2,CN2,CN2,CN2,CN2,CN2,CN3,CN3,CN3,CN2,CN3,CN3,CN2,CN2,CN2,CN2,CN3,CN2,CN2,CN2
bden_JEL423_supercont1.2,2266401,2269300,2900,CN1,CN1,CN2,CN2,CN2,CN4,CN2,CN4,CN2,CN2,CN3,CN4,CN4,CN3,CN2,CN2,CN1,CN1,CN2,CN2,CN2
bden_JEL423_supercont1.2,2274401,2275900,1500,CN2,CN2,CN2,CN2,CN2,CN8,CN3,CN3,CN2,CN2,CN6,CN5,CN5,CN2,CN2,CN2,CN3,CN2,CN3,CN2,CN1
bden_JEL423_supercont1.2,2276501,2280600,4100,CN2,CN2,CN2,CN2,CN2,CN4,CN2,CN4,CN2,CN2,CN2,CN4,CN4,CN3,CN1,CN2,CN2,CN1,CN2,CN2,CN2
bden_JEL423_supercont1.2,2288601,2291700,3100,CN2,CN2,CN2,CN2,CN2,CN2,CN2,CN3,CN2,CN3,CN2,CN3,CN3,CN2,CN2,CN2,CN2,CN2,CN2,CN2,CN2
bden_JEL423_supercont1.2,2292701,2294500,1800,CN2,CN2,CN2,CN2,CN2,CN2,CN2,CN3,CN3,CN3,CN3,CN3,CN3,CN3,CN2,CN3,CN2,CN2,CN2,CN3,CN2
bden_JEL423_supercont1.2,2295301,2296500,1200,CN2,CN2,CN2,CN2,CN2,CN1,CN2,CN3,CN3,CN3,CN2,CN3,CN3,CN3,CN2,CN2,CN2,CN2,CN1,CN3,CN1
bden_JEL423_supercont1.2,2300501,2303600,3100,CN1,CN1,CN2,CN1,CN2,CN4,CN2,CN3,CN2,CN2,CN4,CN4,CN3,CN2,CN1,CN2,CN1,CN1,CN2,CN2,CN1
bden_JEL423_supercont1.2,2308201,2309900,1700,CN2,CN1,CN2,CN2,CN2,CN3,CN3,CN4,CN3,CN3,CN3,CN5,CN4,CN3,CN2,CN2,CN1,CN2,CN2,CN3,CN2
bden_JEL423_supercont1.3,12701,30100,17400,CN2,CN2,CN2,CN2,CN2,CN2,CN2,CN3,CN2,CN2,CN2,CN3,CN3,CN3,CN2,CN2,CN1,CN2,CN2,CN3,CN1
bden_JEL423_supercont1.3,32101,33800,1700,CN2,CN2,CN2,CN2,CN2,CN1,CN1,CN2,CN2,CN2,CN2,CN2,CN2,CN2,CN1,CN2,CN2,CN1,CN1,CN2,CN1
bden_JEL423_supercont1.3,42901,54300,11400,CN2,CN2,CN2,CN2,CN2,CN1,CN1,CN2,CN2,CN2,CN2,CN2,CN2,CN2,CN1,CN2,CN2,CN1,CN1,CN2,CN1
bden_JEL423_supercont1.3,129401,130500,1100,CN2,CN2,CN1,CN2,CN1,CN1,CN2,CN3,CN2,CN2,CN3,CN3,CN3,CN2,CN2,CN2,CN4,CN1,CN2,CN3,CN3
bden_JEL423_supercont1.3,137901,139300,1400,CN2,CN2,CN2,CN2,CN2,CN2,CN2,CN3,CN2,CN2,CN3,CN3,CN2,CN2,CN2,CN2,CN1,CN2,CN2,CN2,CN2
bden_JEL423_supercont1.3,160201,161400,1200,CN1,CN1,CN1,CN2,CN1,CN1,CN2,CN4,CN2,CN1,CN4,CN4,CN1,CN1,CN2,CN4,CN2,CN2,CN2,CN4,CN2
bden_JEL423_supercont1.3,322901,324000,1100,CN2,CN2,CN2,CN2,CN2,CN2,CN2,CN3,CN2,CN3,CN2,CN3,CN3,CN3,CN2,CN2,CN1,CN2,CN2,CN3,CN1
bden_JEL423_supercont1.3,325501,326700,1200,CN2,CN2,CN2,CN2,CN2,CN2,CN2,CN3,CN2,CN2,CN2,CN3,CN3,CN3,CN2,CN2,CN1,CN2,CN2,CN3,CN1
bden_JEL423_supercont1.3,332801,335400,2600,CN2,CN2,CN2,CN2,CN2,CN2,CN2,CN3,CN3,CN3,CN3,CN3,CN3,CN3,CN2,CN2,CN1,CN2,CN2,CN3,CN1
bden_JEL423_supercont1.3,336701,337800,1100,CN2,CN2,CN2,CN2,CN2,CN2,CN2,CN3,CN2,CN2,CN2,CN2,CN2,CN2,CN2,CN2,CN1,CN1,CN2,CN2,CN1
bden_JEL423_supercont1.3,358401,359600,1200,CN2,CN2,CN2,CN2,CN2,CN1,CN2,CN2,CN2,CN2,CN2,CN2,CN2,CN3,CN2,CN2,CN1,CN2,CN1,CN2,CN1
bden_JEL423_supercont1.3,540801,544000,3200,CN2,CN2,CN2,CN2,CN2,CN1,CN2,CN2,CN2,CN2,CN2,CN2,CN2,CN2,CN2,CN2,CN1,CN1,CN1,CN2,CN1
bden_JEL423_supercont1.3,547001,551000,4000,CN2,CN2,CN2,CN2,CN2,CN2,CN2,CN3,CN2,CN2,CN2,CN3,CN3,CN3,CN2,CN2,CN1,CN2,CN2,CN2,CN1
bden_JEL423_supercont1.3,607601,608600,1000,CN2,CN2,CN2,CN2,CN3,CN1,CN2,CN3,CN2,CN3,CN2,CN3,CN3,CN2,CN2,CN2,CN2,CN2,CN2,CN3,CN2
bden_JEL423_supercont1.3,664701,672200,7500,CN2,CN2,CN2,CN2,CN2,CN1,CN2,CN2,CN2,CN2,CN1,CN3,CN2,CN2,CN2,CN2,CN2,CN1,CN2,CN2,CN1
bden_JEL423_supercont1.3,730001,738200,8200,CN2,CN2,CN2,CN2,CN2,CN1,CN1,CN2,CN2,CN2,CN2,CN2,CN2,CN2,CN1,CN2,CN1,CN1,CN1,CN2,CN1
bden_JEL423_supercont1.3,965901,971600,5700,CN2,CN2,CN2,CN2,CN2,CN1,CN1,CN2,CN2,CN2,CN1,CN2,CN2,CN1,CN1,CN2,CN2,CN1,CN1,CN2,CN2
bden_JEL423_supercont1.3,1067101,1069600,2500,CN4,CN4,CN5,CN5,CN4,CN2,CN2,CN2,CN2,CN2,CN2,CN2,CN2,CN5,CN2,CN2,CN2,CN2,CN2,CN4,CN1
bden_JEL423_supercont1.3,1272101,1273300,1200,CN2,CN2,CN2,CN2,CN2,CN2,CN2,CN2,CN2,CN2,CN2,CN2,CN2,CN2,CN2,CN2,CN3,CN2,CN2,CN2,CN2
bden_JEL423_supercont1.3,1629901,1631000,1100,CN2,CN2,CN2,CN2,CN2,CN2,CN2,CN3,CN3,CN3,CN3,CN3,CN3,CN3,CN2,CN2,CN1,CN2,CN2,CN3,CN1
bden_JEL423_supercont1.3,1633601,1635300,1700,CN2,CN2,CN2,CN2,CN2,CN1,CN1,CN2,CN2,CN2,CN2,CN2,CN2,CN2,CN2,CN2,CN1,CN1,CN2,CN2,CN1
bden_JEL423_supercont1.3,1648901,1650100,1200,CN2,CN2,CN2,CN2,CN2,CN2,CN2,CN3,CN3,CN2,CN2,CN3,CN3,CN3,CN2,CN2,CN1,CN2,CN2,CN3,CN1
bden_JEL423_supercont1.3,1655901,1657200,1300,CN2,CN2,CN2,CN2,CN2,CN2,CN2,CN3,CN2,CN2,CN2,CN3,CN3,CN3,CN2,CN2,CN1,CN2,CN2,CN3,CN1
bden_JEL423_supercont1.3,1658601,1661100,2500,CN2,CN2,CN2,CN2,CN2,CN2,CN2,CN3,CN3,CN2,CN3,CN3,CN3,CN3,CN2,CN2,CN1,CN2,CN2,CN3,CN1
bden_JEL423_supercont1.3,1663101,1664900,1800,CN2,CN2,CN2,CN2,CN2,CN1,CN1,CN2,CN2,CN2,CN2,CN2,CN2,CN2,CN1,CN2,CN1,CN1,CN1,CN2,CN1
bden_JEL423_supercont1.3,1764201,1765200,1000,CN2,CN2,CN2,CN2,CN2,CN3,CN2,CN3,CN2,CN3,CN2,CN3,CN3,CN3,CN2,CN2,CN2,CN2,CN2,CN3,CN2
bden_JEL423_supercont1.3,1773801,1775200,1400,CN2,CN2,CN2,CN2,CN2,CN2,CN2,CN2,CN2,CN2,CN2,CN2,CN2,CN2,CN2,CN2,CN1,CN1,CN2,CN2,CN1
bden_JEL423_supercont1.3,1782101,1783400,1300,CN2,CN2,CN2,CN2,CN2,CN2,CN2,CN3,CN2,CN2,CN3,CN3,CN3,CN3,CN2,CN2,CN1,CN2,CN2,CN3,CN1
bden_JEL423_supercont1.3,1788901,1789900,1000,CN2,CN2,CN2,CN2,CN2,CN2,CN2,CN3,CN3,CN3,CN3,CN3,CN3,CN3,CN2,CN2,CN1,CN2,CN2,CN3,CN2
bden_JEL423_supercont1.3,1809301,1810400,1100,CN2,CN2,CN2,CN2,CN2,CN2,CN2,CN3,CN3,CN2,CN3,CN3,CN3,CN3,CN2,CN2,CN2,CN2,CN2,CN2,CN2
bden_JEL423_supercont1.3,1814901,1818400,3500,CN2,CN2,CN2,CN2,CN2,CN2,CN2,CN3,CN3,CN2,CN3,CN3,CN3,CN3,CN2,CN2,CN1,CN2,CN2,CN3,CN1
bden_JEL423_supercont1.3,1819201,1821200,2000,CN2,CN2,CN2,CN2,CN2,CN2,CN2,CN3,CN3,CN3,CN2,CN3,CN4,CN4,CN2,CN2,CN2,CN2,CN2,CN3,CN2
bden_JEL423_supercont1.3,1822401,1823400,1000,CN2,CN2,CN2,CN2,CN2,CN2,CN2,CN3,CN3,CN3,CN2,CN3,CN3,CN4,CN2,CN2,CN2,CN2,CN2,CN3,CN1
bden_JEL423_supercont1.3,1824201,1829407,5207,CN1,CN1,CN1,CN2,CN2,CN4,CN2,CN3,CN2,CN2,CN4,CN4,CN3,CN3,CN1,CN2,CN2,CN1,CN2,CN2,CN1
bden_JEL423_supercont1.4,7801,9500,1700,CN2,CN2,CN2,CN2,CN2,CN1,CN2,CN3,CN2,CN3,CN2,CN3,CN3,CN3,CN2,CN2,CN2,CN1,CN2,CN3,CN2
bden_JEL423_supercont1.4,19001,24600,5600,CN1,CN1,CN1,CN1,CN2,CN2,CN2,CN2,CN2,CN2,CN2,CN3,CN2,CN2,CN2,CN2,CN1,CN2,CN2,CN2,CN1
bden_JEL423_supercont1.4,73601,75900,2300,CN2,CN2,CN2,CN2,CN2,CN1,CN1,CN2,CN2,CN2,CN2,CN3,CN2,CN2,CN2,CN2,CN1,CN2,CN2,CN2,CN1
bden_JEL423_supercont1.4,79901,86400,6500,CN2,CN2,CN2,CN2,CN2,CN2,CN2,CN3,CN2,CN3,CN2,CN4,CN3,CN3,CN2,CN2,CN1,CN2,CN2,CN3,CN2
bden_JEL423_supercont1.4,87201,88800,1600,CN2,CN2,CN2,CN2,CN2,CN2,CN1,CN2,CN1,CN3,CN2,CN3,CN2,CN2,CN2,CN2,CN3,CN2,CN2,CN2,CN2
bden_JEL423_supercont1.4,91901,95100,3200,CN2,CN2,CN2,CN2,CN2,CN2,CN2,CN2,CN2,CN2,CN2,CN3,CN2,CN2,CN2,CN2,CN1,CN2,CN2,CN2,CN1
bden_JEL423_supercont1.4,98901,101300,2400,CN2,CN2,CN2,CN2,CN2,CN2,CN2,CN2,CN2,CN2,CN2,CN3,CN2,CN2,CN2,CN2,CN1,CN2,CN2,CN3,CN1
bden_JEL423_supercont1.4,379701,380700,1000,CN2,CN2,CN2,CN2,CN2,CN2,CN2,CN2,CN2,CN2,CN2,CN3,CN2,CN2,CN2,CN2,CN1,CN2,CN2,CN3,CN1
bden_JEL423_supercont1.4,381901,383700,1800,CN1,CN1,CN1,CN1,CN2,CN2,CN2,CN2,CN2,CN2,CN2,CN3,CN2,CN2,CN2,CN2,CN1,CN2,CN2,CN2,CN1
bden_JEL423_supercont1.4,390501,391600,1100,CN2,CN2,CN2,CN2,CN2,CN2,CN2,CN2,CN2,CN3,CN2,CN3,CN2,CN2,CN2,CN2,CN1,CN2,CN2,CN2,CN1
bden_JEL423_supercont1.4,394701,396200,1500,CN2,CN2,CN2,CN1,CN2,CN2,CN2,CN2,CN2,CN2,CN2,CN3,CN2,CN2,CN2,CN2,CN1,CN2,CN2,CN2,CN1
bden_JEL423_supercont1.4,614801,619500,4700,CN2,CN2,CN2,CN2,CN2,CN2,CN2,CN3,CN3,CN3,CN3,CN3,CN3,CN3,CN2,CN2,CN1,CN2,CN2,CN3,CN2
bden_JEL423_supercont1.4,735201,736300,1100,CN2,CN2,CN2,CN2,CN2,CN2,CN2,CN3,CN3,CN3,CN2,CN3,CN3,CN3,CN2,CN2,CN2,CN2,CN2,CN3,CN2
bden_JEL423_supercont1.4,750501,751500,1000,CN2,CN2,CN2,CN2,CN1,CN2,CN2,CN4,CN4,CN4,CN4,CN4,CN4,CN2,CN2,CN2,CN2,CN4,CN2,CN2,CN2
bden_JEL423_supercont1.4,811401,812800,1400,CN2,CN2,CN2,CN2,CN2,CN2,CN2,CN3,CN3,CN2,CN2,CN2,CN2,CN2,CN2,CN2,CN2,CN2,CN2,CN2,CN2
bden_JEL423_supercont1.4,816501,818300,1800,CN2,CN2,CN2,CN2,CN2,CN2,CN2,CN2,CN2,CN2,CN2,CN3,CN3,CN2,CN2,CN2,CN1,CN2,CN2,CN2,CN2
bden_JEL423_supercont1.4,1092801,1094400,1600,CN2,CN2,CN2,CN2,CN2,CN1,CN2,CN2,CN2,CN2,CN2,CN4,CN2,CN2,CN2,CN2,CN1,CN2,CN2,CN2,CN2
bden_JEL423_supercont1.4,1280901,1282000,1100,CN2,CN2,CN2,CN2,CN2,CN2,CN2,CN2,CN2,CN2,CN2,CN2,CN2,CN2,CN2,CN2,CN1,CN2,CN2,CN2,CN1
bden_JEL423_supercont1.4,1685901,1698000,12100,CN1,CN2,CN2,CN2,CN2,CN2,CN2,CN3,CN2,CN2,CN3,CN3,CN3,CN3,CN2,CN2,CN2,CN2,CN2,CN3,CN2
bden_JEL423_supercont1.4,1712601,1715300,2700,CN2,CN2,CN2,CN2,CN2,CN2,CN2,CN2,CN2,CN2,CN2,CN2,CN2,CN2,CN2,CN2,CN1,CN2,CN2,CN2,CN1
bden_JEL423_supercont1.4,1770501,1781500,11000,CN1,CN2,CN2,CN2,CN2,CN2,CN2,CN2,CN2,CN2,CN2,CN2,CN2,CN2,CN2,CN2,CN2,CN1,CN2,CN2,CN1
bden_JEL423_supercont1.4,1789101,1790300,1200,CN2,CN2,CN2,CN2,CN2,CN2,CN2,CN2,CN3,CN2,CN2,CN3,CN3,CN3,CN2,CN2,CN2,CN2,CN2,CN3,CN2
bden_JEL423_supercont1.4,1790601,1791700,1100,CN2,CN2,CN2,CN2,CN2,CN2,CN2,CN3,CN3,CN3,CN3,CN4,CN4,CN3,CN2,CN2,CN2,CN2,CN2,CN3,CN2
bden_JEL423_supercont1.4,1795001,1796400,1400,CN2,CN2,CN2,CN2,CN2,CN2,CN2,CN3,CN3,CN3,CN3,CN3,CN3,CN2,CN2,CN2,CN1,CN2,CN2,CN3,CN2
bden_JEL423_supercont1.5,1401,2900,1500,CN2,CN2,CN2,CN2,CN2,CN2,CN2,CN2,CN2,CN2,CN2,CN2,CN2,CN2,CN2,CN2,CN5,CN2,CN2,CN2,CN2
bden_JEL423_supercont1.5,5301,9000,3700,CN1,CN2,CN2,CN2,CN2,CN2,CN2,CN3,CN2,CN3,CN2,CN3,CN2,CN3,CN2,CN2,CN2,CN2,CN2,CN2,CN2
bden_JEL423_supercont1.5,12801,14400,1600,CN2,CN2,CN2,CN2,CN2,CN1,CN2,CN2,CN2,CN2,CN3,CN3,CN3,CN3,CN2,CN2,CN1,CN2,CN2,CN3,CN1
bden_JEL423_supercont1.5,18301,19400,1100,CN2,CN2,CN2,CN2,CN2,CN2,CN2,CN3,CN2,CN3,CN2,CN3,CN2,CN2,CN2,CN2,CN2,CN2,CN2,CN2,CN2
bden_JEL423_supercont1.5,31501,32600,1100,CN2,CN2,CN2,CN2,CN2,CN2,CN2,CN2,CN2,CN2,CN2,CN2,CN2,CN2,CN2,CN2,CN1,CN2,CN2,CN2,CN1
bden_JEL423_supercont1.5,33501,60000,26500,CN1,CN2,CN2,CN2,CN2,CN2,CN2,CN3,CN2,CN3,CN2,CN3,CN3,CN3,CN2,CN2,CN2,CN2,CN2,CN2,CN1
bden_JEL423_supercont1.5,60201,65600,5400,CN1,CN2,CN2,CN2,CN2,CN2,CN2,CN3,CN3,CN3,CN2,CN3,CN3,CN3,CN2,CN2,CN2,CN2,CN2,CN2,CN1
bden_JEL423_supercont1.5,68801,71200,2400,CN2,CN2,CN5,CN2,CN2,CN2,CN2,CN3,CN2,CN3,CN2,CN3,CN3,CN3,CN2,CN2,CN1,CN2,CN2,CN3,CN2
bden_JEL423_supercont1.5,209701,210700,1000,CN2,CN1,CN1,CN2,CN1,CN2,CN2,CN3,CN3,CN3,CN2,CN3,CN3,CN2,CN2,CN2,CN1,CN2,CN2,CN3,CN2
bden_JEL423_supercont1.5,228501,229600,1100,CN4,CN2,CN2,CN2,CN2,CN2,CN2,CN4,CN4,CN4,CN4,CN4,CN4,CN2,CN2,CN2,CN2,CN4,CN2,CN4,CN2
bden_JEL423_supercont1.5,324401,325700,1300,CN2,CN2,CN2,CN2,CN2,CN2,CN2,CN2,CN2,CN2,CN2,CN3,CN2,CN3,CN2,CN2,CN1,CN2,CN2,CN3,CN1
bden_JEL423_supercont1.5,333801,335900,2100,CN2,CN2,CN2,CN2,CN2,CN2,CN2,CN2,CN2,CN2,CN2,CN2,CN2,CN2,CN2,CN2,CN1,CN2,CN2,CN2,CN2
bden_JEL423_supercont1.5,337101,338200,1100,CN1,CN1,CN1,CN1,CN2,CN2,CN2,CN2,CN2,CN2,CN2,CN3,CN2,CN3,CN2,CN1,CN1,CN2,CN2,CN2,CN1
bden_JEL423_supercont1.5,719201,720600,1400,CN2,CN2,CN2,CN2,CN2,CN2,CN2,CN3,CN3,CN3,CN3,CN3,CN3,CN3,CN2,CN2,CN1,CN2,CN2,CN2,CN2
bden_JEL423_supercont1.5,1008001,1009400,1400,CN2,CN2,CN2,CN2,CN2,CN2,CN2,CN3,CN2,CN3,CN2,CN3,CN3,CN3,CN2,CN2,CN1,CN2,CN2,CN2,CN2
bden_JEL423_supercont1.5,1044301,1047900,3600,CN2,CN2,CN2,CN2,CN2,CN2,CN2,CN0,CN2,CN3,CN2,CN3,CN3,CN3,CN2,CN2,CN2,CN2,CN2,CN2,CN2
bden_JEL423_supercont1.5,1543201,1544300,1100,CN2,CN2,CN2,CN1,CN2,CN2,CN2,CN3,CN3,CN3,CN2,CN3,CN3,CN3,CN2,CN2,CN1,CN2,CN2,CN2,CN2
bden_JEL423_supercont1.5,1610201,1611200,1000,CN3,CN2,CN2,CN2,CN2,CN3,CN2,CN2,CN2,CN2,CN2,CN2,CN2,CN2,CN2,CN2,CN2,CN2,CN2,CN2,CN2
bden_JEL423_supercont1.5,1673201,1679600,6400,CN2,CN2,CN2,CN2,CN2,CN2,CN2,CN3,CN2,CN3,CN2,CN3,CN3,CN3,CN2,CN2,CN1,CN2,CN2,CN3,CN1
bden_JEL423_supercont1.5,1680801,1684400,3600,CN2,CN2,CN2,CN2,CN2,CN2,CN2,CN2,CN3,CN3,CN2,CN4,CN3,CN3,CN2,CN2,CN2,CN2,CN2,CN3,CN2
bden_JEL423_supercont1.5,1686001,1689800,3800,CN2,CN2,CN2,CN2,CN2,CN2,CN2,CN2,CN3,CN4,CN2,CN4,CN4,CN4,CN2,CN2,CN2,CN2,CN2,CN2,CN2
bden_JEL423_supercont1.5,1704201,1707250,3050,CN1,CN1,CN1,CN1,CN2,CN4,CN2,CN2,CN2,CN2,CN3,CN4,CN3,CN2,CN1,CN1,CN2,CN1,CN2,CN2,CN1
bden_JEL423_supercont1.6,8701,10700,2000,CN2,CN2,CN2,CN2,CN2,CN2,CN2,CN2,CN2,CN2,CN2,CN2,CN2,CN2,CN2,CN2,CN4,CN2,CN2,CN2,CN2
bden_JEL423_supercont1.6,11001,12300,1300,CN1,CN1,CN1,CN2,CN2,CN6,CN2,CN2,CN2,CN2,CN4,CN5,CN3,CN2,CN1,CN2,CN2,CN2,CN3,CN2,CN1
bden_JEL423_supercont1.6,16201,17500,1300,CN2,CN2,CN2,CN2,CN2,CN2,CN2,CN2,CN2,CN2,CN2,CN3,CN2,CN2,CN2,CN2,CN2,CN1,CN2,CN2,CN2
bden_JEL423_supercont1.6,22201,41400,19200,CN2,CN2,CN2,CN2,CN2,CN2,CN2,CN2,CN2,CN2,CN2,CN3,CN2,CN2,CN2,CN2,CN1,CN1,CN2,CN2,CN1
bden_JEL423_supercont1.6,43501,54700,11200,CN2,CN2,CN2,CN2,CN2,CN2,CN2,CN2,CN2,CN2,CN2,CN3,CN2,CN2,CN2,CN2,CN2,CN1,CN2,CN2,CN2
bden_JEL423_supercont1.6,67001,68900,1900,CN2,CN2,CN2,CN2,CN2,CN2,CN2,CN3,CN3,CN3,CN3,CN3,CN3,CN3,CN2,CN2,CN1,CN2,CN2,CN3,CN1
bden_JEL423_supercont1.6,80301,88200,7900,CN2,CN2,CN2,CN1,CN2,CN2,CN1,CN3,CN3,CN3,CN2,CN3,CN3,CN3,CN2,CN2,CN2,CN2,CN2,CN3,CN2
bden_JEL423_supercont1.6,180501,182500,2000,CN2,CN2,CN2,CN2,CN2,CN2,CN2,CN2,CN2,CN2,CN2,CN3,CN2,CN2,CN2,CN2,CN1,CN2,CN2,CN2,CN1
bden_JEL423_supercont1.6,184501,186800,2300,CN2,CN2,CN2,CN2,CN2,CN1,CN2,CN2,CN2,CN2,CN2,CN3,CN2,CN2,CN2,CN2,CN1,CN2,CN2,CN2,CN1
bden_JEL423_supercont1.6,194501,195900,1400,CN2,CN2,CN2,CN2,CN2,CN2,CN2,CN3,CN3,CN2,CN2,CN4,CN2,CN3,CN2,CN2,CN2,CN2,CN2,CN3,CN2
bden_JEL423_supercont1.6,277101,279100,2000,CN2,CN2,CN2,CN1,CN2,CN1,CN1,CN2,CN2,CN2,CN2,CN3,CN2,CN2,CN2,CN2,CN6,CN1,CN1,CN2,CN1
bden_JEL423_supercont1.6,380501,384400,3900,CN2,CN2,CN2,CN2,CN2,CN2,CN2,CN2,CN2,CN2,CN2,CN3,CN2,CN2,CN2,CN2,CN1,CN2,CN2,CN2,CN2
bden_JEL423_supercont1.6,385401,386500,1100,CN2,CN2,CN2,CN2,CN2,CN2,CN2,CN2,CN2,CN2,CN2,CN3,CN2,CN2,CN2,CN2,CN2,CN2,CN2,CN2,CN2
bden_JEL423_supercont1.6,392401,393500,1100,CN2,CN2,CN2,CN2,CN2,CN2,CN2,CN3,CN3,CN3,CN2,CN3,CN2,CN2,CN2,CN2,CN1,CN2,CN2,CN3,CN2
bden_JEL423_supercont1.6,394501,397600,3100,CN2,CN2,CN2,CN2,CN2,CN2,CN2,CN3,CN3,CN3,CN3,CN4,CN3,CN3,CN2,CN2,CN1,CN2,CN2,CN3,CN2
bden_JEL423_supercont1.6,696901,698000,1100,CN2,CN2,CN2,CN2,CN2,CN2,CN2,CN2,CN2,CN2,CN3,CN4,CN3,CN3,CN2,CN2,CN1,CN2,CN2,CN2,CN2
bden_JEL423_supercont1.6,1254001,1255400,1400,CN1,CN1,CN1,CN1,CN2,CN2,CN1,CN2,CN2,CN2,CN2,CN3,CN2,CN2,CN2,CN2,CN1,CN1,CN1,CN2,CN1
bden_JEL423_supercont1.6,1405001,1408400,3400,CN2,CN2,CN2,CN2,CN2,CN2,CN2,CN2,CN1,CN2,CN2,CN2,CN2,CN2,CN2,CN2,CN2,CN2,CN2,CN2,CN2
bden_JEL423_supercont1.6,1411701,1413000,1300,CN2,CN2,CN2,CN2,CN2,CN2,CN2,CN2,CN1,CN2,CN2,CN3,CN2,CN2,CN2,CN2,CN2,CN2,CN2,CN3,CN2
bden_JEL423_supercont1.6,1415201,1416300,1100,CN2,CN2,CN2,CN2,CN2,CN2,CN2,CN2,CN0,CN2,CN2,CN2,CN2,CN2,CN2,CN2,CN2,CN2,CN2,CN2,CN2
bden_JEL423_supercont1.6,1418101,1419500,1400,CN2,CN2,CN2,CN2,CN2,CN2,CN2,CN2,CN2,CN2,CN2,CN2,CN2,CN2,CN0,CN2,CN2,CN2,CN2,CN2,CN2
bden_JEL423_supercont1.6,1428201,1429300,1100,CN1,CN2,CN1,CN2,CN1,CN2,CN2,CN2,CN1,CN2,CN3,CN3,CN2,CN3,CN1,CN2,CN2,CN2,CN2,CN1,CN2
bden_JEL423_supercont1.6,1444001,1445100,1100,CN2,CN2,CN2,CN2,CN2,CN2,CN2,CN3,CN3,CN3,CN3,CN4,CN3,CN3,CN2,CN2,CN2,CN2,CN2,CN3,CN2
bden_JEL423_supercont1.6,1533001,1542900,9900,CN2,CN2,CN2,CN2,CN2,CN1,CN2,CN3,CN3,CN3,CN2,CN3,CN3,CN3,CN2,CN2,CN2,CN2,CN1,CN3,CN2
bden_JEL423_supercont1.7,1601,2700,1100,CN2,CN2,CN2,CN2,CN2,CN2,CN2,CN2,CN2,CN2,CN2,CN3,CN2,CN2,CN2,CN2,CN1,CN2,CN2,CN2,CN2
bden_JEL423_supercont1.7,7601,11200,3600,CN2,CN2,CN2,CN2,CN2,CN2,CN2,CN2,CN2,CN2,CN2,CN2,CN2,CN2,CN0,CN2,CN2,CN2,CN2,CN2,CN2
bden_JEL423_supercont1.7,15901,17600,1700,CN2,CN2,CN2,CN2,CN2,CN2,CN2,CN2,CN2,CN2,CN2,CN2,CN2,CN2,CN0,CN2,CN2,CN2,CN2,CN2,CN2
bden_JEL423_supercont1.7,85401,91100,5700,CN2,CN2,CN2,CN2,CN2,CN1,CN2,CN2,CN2,CN2,CN2,CN3,CN2,CN2,CN2,CN2,CN1,CN2,CN2,CN2,CN1
bden_JEL423_supercont1.7,95301,110100,14800,CN2,CN2,CN2,CN2,CN2,CN1,CN2,CN2,CN2,CN2,CN3,CN3,CN2,CN2,CN2,CN2,CN1,CN2,CN2,CN3,CN1
bden_JEL423_supercont1.7,112001,113100,1100,CN2,CN2,CN2,CN2,CN2,CN1,CN2,CN2,CN2,CN2,CN3,CN3,CN2,CN2,CN2,CN2,CN2,CN1,CN1,CN2,CN1
bden_JEL423_supercont1.7,118601,123100,4500,CN2,CN2,CN2,CN2,CN2,CN1,CN2,CN2,CN2,CN2,CN3,CN3,CN2,CN2,CN2,CN2,CN1,CN2,CN2,CN3,CN1
bden_JEL423_supercont1.7,130401,132200,1800,CN2,CN2,CN2,CN2,CN2,CN1,CN2,CN2,CN2,CN2,CN3,CN3,CN2,CN3,CN2,CN2,CN1,CN3,CN2,CN2,CN1
bden_JEL423_supercont1.7,133201,140000,6800,CN2,CN2,CN2,CN2,CN2,CN2,CN2,CN2,CN2,CN2,CN3,CN3,CN2,CN3,CN2,CN2,CN1,CN3,CN2,CN3,CN1
bden_JEL423_supercont1.7,231601,232600,1000,CN1,CN1,CN2,CN1,CN1,CN2,CN2,CN2,CN1,CN1,CN2,CN2,CN2,CN2,CN2,CN2,CN2,CN2,CN2,CN2,CN2
bden_JEL423_supercont1.7,233701,234900,1200,CN2,CN2,CN2,CN2,CN2,CN2,CN2,CN2,CN2,CN2,CN2,CN2,CN2,CN2,CN2,CN2,CN2,CN2,CN2,CN2,CN2
bden_JEL423_supercont1.7,238401,241700,3300,CN1,CN1,CN2,CN2,CN2,CN2,CN2,CN2,CN2,CN2,CN2,CN3,CN2,CN2,CN2,CN2,CN1,CN2,CN2,CN2,CN1
bden_JEL423_supercont1.7,249001,250300,1300,CN2,CN2,CN2,CN2,CN2,CN2,CN2,CN2,CN2,CN2,CN2,CN2,CN2,CN2,CN2,CN2,CN1,CN2,CN2,CN2,CN1
bden_JEL423_supercont1.7,250501,251800,1300,CN1,CN1,CN1,CN1,CN1,CN2,CN2,CN2,CN1,CN1,CN3,CN3,CN2,CN2,CN2,CN1,CN2,CN3,CN2,CN2,CN2
bden_JEL423_supercont1.7,252801,254500,1700,CN2,CN2,CN2,CN1,CN2,CN2,CN2,CN2,CN2,CN2,CN3,CN3,CN2,CN3,CN2,CN2,CN2,CN3,CN2,CN2,CN2
bden_JEL423_supercont1.7,1211901,1213000,1100,CN2,CN2,CN2,CN2,CN2,CN2,CN2,CN2,CN2,CN2,CN2,CN2,CN2,CN2,CN2,CN2,CN2,CN2,CN2,CN2,CN1
bden_JEL423_supercont1.7,1278301,1279500,1200,CN2,CN1,CN2,CN1,CN2,CN2,CN2,CN2,CN2,CN2,CN2,CN4,CN2,CN4,CN2,CN2,CN2,CN4,CN2,CN2,CN2
bden_JEL423_supercont1.7,1325601,1326600,1000,CN1,CN1,CN2,CN2,CN2,CN2,CN2,CN2,CN2,CN2,CN2,CN2,CN2,CN2,CN2,CN2,CN1,CN2,CN2,CN2,CN1
bden_JEL423_supercont1.7,1337101,1338200,1100,CN2,CN2,CN3,CN2,CN2,CN2,CN2,CN2,CN2,CN2,CN2,CN3,CN2,CN2,CN2,CN2,CN1,CN2,CN2,CN3,CN2
bden_JEL423_supercont1.7,1341201,1342400,1200,CN2,CN1,CN4,CN2,CN2,CN2,CN2,CN2,CN2,CN2,CN2,CN3,CN2,CN2,CN2,CN2,CN1,CN2,CN2,CN2,CN1
bden_JEL423_supercont1.7,1345301,1346700,1400,CN2,CN2,CN2,CN2,CN2,CN2,CN2,CN2,CN2,CN2,CN2,CN3,CN2,CN2,CN2,CN2,CN1,CN2,CN2,CN2,CN1
bden_JEL423_supercont1.7,1355301,1356300,1000,CN2,CN2,CN2,CN2,CN2,CN2,CN2,CN2,CN2,CN2,CN2,CN2,CN2,CN2,CN2,CN2,CN1,CN2,CN2,CN2,CN1
bden_JEL423_supercont1.7,1377601,1378800,1200,CN2,CN2,CN2,CN2,CN2,CN2,CN2,CN2,CN2,CN2,CN2,CN3,CN2,CN2,CN2,CN2,CN2,CN2,CN2,CN2,CN1
bden_JEL423_supercont1.7,1380001,1381000,1000,CN1,CN1,CN2,CN2,CN2,CN2,CN2,CN2,CN3,CN2,CN2,CN3,CN2,CN2,CN2,CN2,CN1,CN2,CN2,CN2,CN2
bden_JEL423_supercont1.7,1381901,1382900,1000,CN2,CN2,CN2,CN2,CN2,CN2,CN2,CN2,CN2,CN2,CN2,CN2,CN2,CN2,CN2,CN2,CN1,CN2,CN2,CN2,CN1
bden_JEL423_supercont1.7,1390501,1392300,1800,CN1,CN1,CN1,CN2,CN2,CN2,CN2,CN1,CN1,CN2,CN4,CN4,CN2,CN2,CN1,CN2,CN2,CN2,CN2,CN4,CN2
bden_JEL423_supercont1.7,1396101,1398853,2753,CN2,CN2,CN2,CN2,CN3,CN5,CN2,CN4,CN3,CN3,CN4,CN6,CN4,CN4,CN2,CN2,CN2,CN2,CN3,CN3,CN2
bden_JEL423_supercont1.8,1,5300,5300,CN1,CN2,CN2,CN2,CN2,CN5,CN2,CN3,CN2,CN2,CN4,CN5,CN4,CN3,CN1,CN2,CN3,CN2,CN3,CN3,CN2
bden_JEL423_supercont1.8,6101,7800,1700,CN2,CN2,CN2,CN2,CN2,CN2,CN2,CN2,CN2,CN3,CN2,CN4,CN2,CN2,CN2,CN2,CN1,CN2,CN2,CN4,CN1
bden_JEL423_supercont1.8,10801,12400,1600,CN2,CN2,CN2,CN2,CN2,CN2,CN2,CN2,CN2,CN2,CN2,CN2,CN2,CN2,CN2,CN2,CN2,CN2,CN2,CN2,CN2
bden_JEL423_supercont1.8,19201,22400,3200,CN2,CN2,CN2,CN2,CN2,CN2,CN2,CN2,CN2,CN2,CN2,CN2,CN2,CN2,CN2,CN2,CN2,CN2,CN2,CN4,CN2
bden_JEL423_supercont1.8,32301,34200,1900,CN2,CN2,CN2,CN4,CN2,CN2,CN2,CN2,CN1,CN2,CN4,CN2,CN1,CN1,CN2,CN2,CN5,CN2,CN2,CN5,CN4
bden_JEL423_supercont1.8,41501,47500,6000,CN2,CN2,CN2,CN2,CN2,CN2,CN2,CN2,CN2,CN2,CN2,CN3,CN3,CN2,CN2,CN2,CN1,CN2,CN2,CN3,CN1
bden_JEL423_supercont1.8,50001,52700,2700,CN2,CN2,CN2,CN2,CN2,CN2,CN2,CN2,CN2,CN2,CN2,CN3,CN3,CN2,CN2,CN2,CN2,CN2,CN2,CN3,CN2
bden_JEL423_supercont1.8,709401,710400,1000,CN2,CN2,CN2,CN2,CN2,CN2,CN2,CN2,CN2,CN2,CN2,CN3,CN3,CN2,CN2,CN2,CN2,CN2,CN2,CN3,CN2
bden_JEL423_supercont1.8,738401,739600,1200,CN2,CN2,CN2,CN2,CN2,CN3,CN2,CN2,CN2,CN2,CN3,CN2,CN3,CN2,CN2,CN2,CN2,CN2,CN2,CN3,CN2
bden_JEL423_supercont1.8,808101,809300,1200,CN2,CN2,CN2,CN2,CN2,CN2,CN2,CN2,CN2,CN2,CN2,CN2,CN2,CN2,CN2,CN2,CN2,CN2,CN1,CN2,CN2
bden_JEL423_supercont1.8,810101,817400,7300,CN2,CN2,CN2,CN2,CN2,CN2,CN2,CN2,CN2,CN2,CN2,CN3,CN3,CN2,CN2,CN2,CN1,CN2,CN2,CN3,CN2
bden_JEL423_supercont1.8,831401,839700,8300,CN2,CN2,CN2,CN2,CN2,CN2,CN2,CN2,CN2,CN2,CN3,CN3,CN3,CN2,CN2,CN2,CN2,CN2,CN2,CN3,CN2
bden_JEL423_supercont1.8,845001,846500,1500,CN2,CN2,CN2,CN2,CN2,CN2,CN2,CN2,CN2,CN2,CN2,CN3,CN3,CN2,CN2,CN2,CN1,CN2,CN2,CN2,CN2
bden_JEL423_supercont1.8,847801,849000,1200,CN2,CN2,CN2,CN2,CN2,CN2,CN2,CN3,CN2,CN2,CN3,CN3,CN3,CN2,CN2,CN2,CN1,CN2,CN2,CN3,CN2
bden_JEL423_supercont1.8,878001,883900,5900,CN2,CN2,CN2,CN2,CN2,CN2,CN2,CN2,CN2,CN2,CN2,CN2,CN2,CN2,CN2,CN2,CN1,CN2,CN2,CN2,CN2
bden_JEL423_supercont1.8,891701,892700,1000,CN2,CN2,CN2,CN2,CN2,CN2,CN2,CN2,CN2,CN2,CN2,CN3,CN3,CN2,CN2,CN2,CN1,CN2,CN2,CN3,CN1
bden_JEL423_supercont1.8,895001,897200,2200,CN2,CN2,CN2,CN3,CN2,CN2,CN2,CN2,CN2,CN2,CN2,CN3,CN2,CN2,CN2,CN2,CN1,CN2,CN2,CN3,CN1
bden_JEL423_supercont1.8,899401,901300,1900,CN1,CN1,CN2,CN2,CN2,CN2,CN2,CN2,CN2,CN2,CN2,CN3,CN3,CN2,CN2,CN2,CN1,CN2,CN2,CN3,CN1
bden_JEL423_supercont1.8,904801,906500,1700,CN2,CN2,CN2,CN2,CN2,CN2,CN2,CN2,CN2,CN2,CN3,CN3,CN3,CN2,CN2,CN2,CN1,CN2,CN2,CN3,CN2
bden_JEL423_supercont1.8,910801,912600,1800,CN2,CN2,CN2,CN2,CN2,CN2,CN2,CN2,CN3,CN2,CN2,CN3,CN3,CN2,CN2,CN2,CN2,CN2,CN2,CN3,CN2
bden_JEL423_supercont1.8,913301,914500,1200,CN2,CN2,CN2,CN2,CN2,CN2,CN2,CN2,CN2,CN2,CN2,CN3,CN2,CN2,CN2,CN2,CN1,CN2,CN2,CN2,CN1
bden_JEL423_supercont1.8,918201,920500,2300,CN2,CN2,CN2,CN2,CN2,CN2,CN2,CN2,CN2,CN2,CN2,CN3,CN3,CN2,CN2,CN2,CN1,CN2,CN2,CN3,CN2
bden_JEL423_supercont1.8,937001,946400,9400,CN2,CN2,CN2,CN2,CN2,CN2,CN2,CN2,CN2,CN2,CN2,CN3,CN3,CN2,CN2,CN2,CN1,CN2,CN2,CN3,CN1
bden_JEL423_supercont1.8,1018801,1019800,1000,CN2,CN2,CN2,CN2,CN2,CN1,CN2,CN2,CN2,CN2,CN2,CN3,CN3,CN2,CN2,CN2,CN1,CN2,CN2,CN3,CN2
bden_JEL423_supercont1.8,1036701,1037700,1000,CN2,CN2,CN2,CN2,CN2,CN2,CN2,CN2,CN2,CN2,CN2,CN2,CN2,CN2,CN2,CN2,CN1,CN2,CN2,CN2,CN1
bden_JEL423_supercont1.8,1045301,1048100,2800,CN2,CN2,CN2,CN2,CN2,CN2,CN2,CN2,CN2,CN2,CN2,CN3,CN3,CN2,CN2,CN2,CN1,CN2,CN2,CN3,CN1
bden_JEL423_supercont1.8,1048701,1050800,2100,CN2,CN2,CN2,CN2,CN2,CN2,CN2,CN2,CN3,CN2,CN2,CN3,CN4,CN3,CN2,CN2,CN2,CN2,CN2,CN3,CN2
bden_JEL423_supercont1.9,8801,10500,1700,CN2,CN2,CN2,CN2,CN2,CN2,CN2,CN2,CN2,CN2,CN2,CN3,CN2,CN2,CN2,CN2,CN2,CN2,CN2,CN3,CN2
bden_JEL423_supercont1.9,17901,19000,1100,CN2,CN2,CN2,CN2,CN2,CN2,CN2,CN3,CN3,CN3,CN3,CN3,CN3,CN3,CN2,CN2,CN2,CN2,CN2,CN3,CN2
bden_JEL423_supercont1.9,39401,40600,1200,CN2,CN2,CN5,CN2,CN2,CN2,CN2,CN2,CN2,CN2,CN2,CN2,CN2,CN2,CN2,CN2,CN2,CN2,CN2,CN2,CN1
bden_JEL423_supercont1.9,886301,887300,1000,CN2,CN2,CN2,CN2,CN2,CN2,CN2,CN2,CN2,CN2,CN2,CN3,CN2,CN2,CN2,CN2,CN2,CN2,CN2,CN2,CN2
bden_JEL423_supercont1.9,889901,893700,3800,CN2,CN2,CN2,CN2,CN2,CN2,CN2,CN2,CN2,CN2,CN2,CN2,CN2,CN2,CN2,CN2,CN1,CN2,CN2,CN2,CN1